[
  {
    "_id": "66a0e81c28a32088a503d193",
    "title": "ورزشی",
    "englishTitle": "sport",
    "description": "The latest sports blogs",
    "slug": "sport",
    "createdAt": "2024-07-24T11:40:12.718Z",
    "updatedAt": "2024-07-24T11:40:12.718Z",
    "__v": 0
  },
  {
    "_id": "66a20094dc658a7236b514e1",
    "title": "فرهنگی",
    "englishTitle": "cultural",
    "description": "مقالات فرهنگی",
    "slug": "cultural",
    "createdAt": "2024-07-25T07:36:52.466Z",
    "updatedAt": "2024-07-25T07:36:52.466Z",
    "__v": 0
  },
  {
    "_id": "66a20104dc658a7236b514e5",
    "title": "اقتصادی",
    "englishTitle": "economic",
    "description": "مقالات اقتصادی",
    "slug": "economic",
    "createdAt": "2024-07-25T07:38:44.405Z",
    "updatedAt": "2024-07-25T07:38:44.405Z",
    "__v": 0
  },
  {
    "_id": "66b6745d8517385605104e2e",
    "title": "برنامه نویسی",
    "englishTitle": "programming",
    "description": "برنامه نویسی",
    "slug": "programming",
    "createdAt": "2024-08-09T19:56:13.961Z",
    "updatedAt": "2024-08-09T19:56:13.961Z",
    "__v": 0
  },
  {
    "_id": "66b674c48517385605104e36",
    "title": "سیاسی",
    "englishTitle": "political",
    "description": "سیاسی",
    "slug": "political",
    "createdAt": "2024-08-09T19:57:56.623Z",
    "updatedAt": "2024-08-09T19:57:56.623Z",
    "__v": 0
  },
  {
    "_id": "66b674ec8517385605104e3a",
    "title": "تاریخی",
    "englishTitle": "historical",
    "description": "تاریخی",
    "slug": "historical",
    "createdAt": "2024-08-09T19:58:36.424Z",
    "updatedAt": "2024-08-09T19:58:36.424Z",
    "__v": 0
  },
  {
    "_id": "66b70d278517385605104f6e",
    "title": "جغرافیا",
    "englishTitle": "geographic",
    "description": "جغرافیا",
    "slug": "geographic",
    "createdAt": "2024-08-10T06:48:07.248Z",
    "updatedAt": "2024-08-10T06:48:07.248Z",
    "__v": 0
  }
]
